participant,studyName,studyNameNah,expId,month,date,year,trialNah,trialId,word,wordlabel,phonelength,duration,silence,durasil,begin,meanpit,maxpitch,maxPitTime,minpitch,minPitTime,firstpitch,secondpitch,thirdpitch,fourthpitch,meanIntensity,maxIntensity
debug442SJU,prosody,study,exp0,04,20,2020,trial,01,sp,sp,1,0.390,0,0.390,0.0125,--undefined--,--undefined--,--undefined--,--undefined--,--undefined--,--undefined--,--undefined--,--undefined--,--undefined--,35.736,41.822
debug442SJU,prosody,study,exp0,04,20,2020,trial,01,不,不,2,0.190,0,0.190,0.4025,202.564,242.76,0.042,182.35,0.190,240.217,213.046,198.593,187.458,76.913,86.083
debug442SJU,prosody,study,exp0,04,20,2020,trial,01,李,李,2,0.220,0,0.220,0.5925,175.622,194.53,0.057,160.16,0.138,182.659,187.467,165.075,167.286,78.486,84.560
debug442SJU,prosody,study,exp0,04,20,2020,trial,01,娜,娜,2,0.200,0,0.200,0.8125,226.979,245.91,0.102,181.53,0,207.724,238.428,241.430,220.333,82.869,85.034
debug442SJU,prosody,study,exp0,04,20,2020,trial,01,踢,踢,2,0.130,0,0.130,1.0125,222.734,241.16,0.102,198.59,0.130,221.300,229.175,241.162,218.903,75.208,80.855
debug442SJU,prosody,study,exp0,04,20,2020,trial,01,了,了,2,0.100,0,0.100,1.1425,190.089,198.59,0,177.09,0.100,194.689,195.496,189.254,180.917,80.954,82.500
debug442SJU,prosody,study,exp0,04,20,2020,trial,01,王,王,3,0.170,0,0.170,1.2425,176.544,178.46,0.023,173.05,0.170,177.468,174.826,177.167,176.714,73.940,76.325
debug442SJU,prosody,study,exp0,04,20,2020,trial,01,刚,刚,3,0.270,0,0.270,1.4125,188.475,210.41,0.270,163.76,0.012,184.957,181.271,185.577,201.573,73.317,79.260
debug442SJU,prosody,study,exp0,04,20,2020,trial,01,sp,sp,0,0.030,0,0.030,1.6825,210.889,211.07,0.012,210.41,0,210.719,211.019,211.068,--undefined--,55.881,55.863
debug442SJU,prosody,study,exp0,04,20,2020,trial,02,sp,sp,1,0.400,0,0.400,0.0125,--undefined--,--undefined--,--undefined--,--undefined--,--undefined--,--undefined--,--undefined--,--undefined--,--undefined--,46.120,63.669
debug442SJU,prosody,study,exp0,04,20,2020,trial,02,不,不,2,0.180,0,0.180,0.4125,202.169,218.48,0.052,186.82,0.162,--undefined--,214.182,202.670,190.181,77.313,87.074
debug442SJU,prosody,study,exp0,04,20,2020,trial,02,李,李,2,0.190,0,0.190,0.5925,178.133,203.15,0.032,146.74,0.171,196.279,191.147,172.511,152.597,78.791,84.236
debug442SJU,prosody,study,exp0,04,20,2020,trial,02,娜,娜,2,0.230,0,0.230,0.7825,222.654,247.75,0.130,159.22,0,188.954,236.266,243.194,222.202,81.358,84.331
debug442SJU,prosody,study,exp0,04,20,2020,trial,02,踢,踢,2,0.140,0,0.140,1.0125,210.321,229.29,0.024,194.22,0.126,221.754,225.969,206.875,198.798,73.897,80.230
debug442SJU,prosody,study,exp0,04,20,2020,trial,02,了,了,2,0.100,0,0.100,1.1525,183.577,194.90,0,162.61,0.087,194.520,190.905,182.055,166.828,79.125,82.252
debug442SJU,prosody,study,exp0,04,20,2020,trial,02,王,王,3,0.190,0,0.190,1.2525,170.301,175.66,0.005,166.43,0.047,169.824,168.432,170.671,172.276,73.249,75.606
debug442SJU,prosody,study,exp0,04,20,2020,trial,02,刚,刚,2,0.130,0,0.130,1.4425,185.794,195.71,0.043,168.72,0.005,178.869,193.010,186.232,184.578,73.940,78.283
debug442SJU,prosody,study,exp0,04,20,2020,trial,03,sp,sp,1,0.670,0,0.670,0.0125,228.591,232.55,0.022,219.73,0.038,228.591,--undefined--,--undefined--,--undefined--,41.482,62.215
debug442SJU,prosody,study,exp0,04,20,2020,trial,03,不,不,2,0.250,0,0.250,0.6825,191.932,242.71,0.025,148.89,0.192,228.015,211.088,173.797,162.587,80.026,87.511
debug442SJU,prosody,study,exp0,04,20,2020,trial,03,李,李,2,0.180,0,0.180,0.9325,180.157,203.17,0.055,161.85,0.122,181.347,197.945,171.794,169.542,79.642,85.127
debug442SJU,prosody,study,exp0,04,20,2020,trial,03,娜,娜,2,0.180,0,0.180,1.1125,219.488,231.94,0.128,183.83,0,203.537,226.375,230.677,217.362,82.771,84.706
debug442SJU,prosody,study,exp0,04,20,2020,trial,03,踢,踢,2,0.130,0,0.130,1.2925,235.805,270.10,0.118,205.16,0,219.063,214.976,--undefined--,269.836,77.204,84.868
debug442SJU,prosody,study,exp0,04,20,2020,trial,03,了,了,2,0.060,0,0.060,1.4225,260.901,268.10,0,252.71,0.019,261.185,256.081,262.449,263.888,84.872,85.862
debug442SJU,prosody,study,exp0,04,20,2020,trial,03,王,王,3,0.090,0,0.090,1.4825,239.848,272.21,0.010,203.61,0.090,268.605,250.086,230.058,210.645,83.687,85.676
debug442SJU,prosody,study,exp0,04,20,2020,trial,03,刚,刚,2,0.090,0,0.090,1.5725,188.469,203.61,0,183.59,0.051,195.525,187.070,184.418,186.201,81.923,84.142
debug442SJU,prosody,study,exp0,04,20,2020,trial,04,sp,sp,1,0.500,0,0.500,0.0125,--undefined--,--undefined--,--undefined--,--undefined--,--undefined--,--undefined--,--undefined--,--undefined--,--undefined--,32.684,43.981
debug442SJU,prosody,study,exp0,04,20,2020,trial,04,不,不,2,0.200,0,0.200,0.5125,224.750,246.43,0.050,197.31,0.180,246.421,241.545,228.034,202.301,72.932,84.522
debug442SJU,prosody,study,exp0,04,20,2020,trial,04,李,李,2,0.180,0,0.180,0.7125,175.386,199.47,0,132.83,0.180,188.505,188.014,180.126,144.901,77.224,82.222
debug442SJU,prosody,study,exp0,04,20,2020,trial,04,娜,娜,2,0.260,0,0.260,0.8925,209.032,247.15,0.105,92.13,0.012,144.797,241.771,231.186,201.001,77.838,84.538
debug442SJU,prosody,study,exp0,04,20,2020,trial,04,踢,踢,2,0.160,0,0.160,1.1525,250.906,269.28,0.125,227.17,0.020,229.594,--undefined--,268.608,261.555,73.922,83.005
debug442SJU,prosody,study,exp0,04,20,2020,trial,04,了,了,2,0.120,0,0.120,1.3125,228.081,253.74,0.005,199.63,0.102,252.126,238.664,214.923,201.823,80.574,83.865
debug442SJU,prosody,study,exp0,04,20,2020,trial,04,王,王,3,0.200,0,0.200,1.4325,136.950,158.46,0.152,71.10,0.015,116.160,133.093,146.820,149.845,73.486,75.817
debug442SJU,prosody,study,exp0,04,20,2020,trial,04,刚,刚,2,0.260,0,0.260,1.6325,166.919,268.61,0.194,121.65,0.121,159.815,134.060,147.600,229.260,69.912,73.567
debug442SJU,prosody,study,exp0,04,20,2020,trial,05,sp,sp,1,0.340,0,0.340,0.0125,--undefined--,--undefined--,--undefined--,--undefined--,--undefined--,--undefined--,--undefined--,--undefined--,--undefined--,38.255,42.969
debug442SJU,prosody,study,exp0,04,20,2020,trial,05,不,不,2,0.120,0,0.120,0.3525,220.969,269.77,0.018,196.73,0.120,257.488,227.026,214.296,201.004,79.912,87.132
debug442SJU,prosody,study,exp0,04,20,2020,trial,05,李,李,2,0.250,0,0.250,0.4725,183.960,215.31,0.103,153.78,0.189,188.262,205.341,173.051,158.020,79.120,85.543
debug442SJU,prosody,study,exp0,04,20,2020,trial,05,娜,娜,2,0.190,0,0.190,0.7225,200.011,204.57,0.163,194.91,0.131,197.615,202.916,197.707,201.146,82.534,85.018
debug442SJU,prosody,study,exp0,04,20,2020,trial,05,踢,踢,2,0.140,0,0.140,0.9125,212.782,224.04,0.132,200.01,0.016,201.755,--undefined--,219.333,220.980,75.297,78.533
debug442SJU,prosody,study,exp0,04,20,2020,trial,05,了,了,2,0.100,0,0.100,1.0525,207.719,222.38,0,184.34,0.100,220.256,215.215,203.505,191.899,81.964,84.125
debug442SJU,prosody,study,exp0,04,20,2020,trial,05,王,王,3,0.190,0,0.190,1.1525,184.983,192.51,0.172,179.28,0.069,186.044,180.366,182.769,190.753,80.257,83.410
debug442SJU,prosody,study,exp0,04,20,2020,trial,05,刚,刚,3,0.350,0,0.350,1.3425,224.754,242.67,0.250,190.25,0.013,212.129,218.957,232.108,236.771,74.761,81.613
debug442SJU,prosody,study,exp0,04,20,2020,trial,05,sp,sp,0,0.110,0,0.110,1.6925,--undefined--,--undefined--,--undefined--,--undefined--,--undefined--,--undefined--,--undefined--,--undefined--,--undefined--,50.709,54.377
debug442SJU,prosody,study,exp0,04,20,2020,trial,06,sp,sp,1,0.420,0,0.420,0.0125,--undefined--,--undefined--,--undefined--,--undefined--,--undefined--,--undefined--,--undefined--,--undefined--,--undefined--,41.963,58.546
debug442SJU,prosody,study,exp0,04,20,2020,trial,06,不,不,2,0.220,0,0.220,0.4325,217.941,254.08,0.037,120.73,0.211,248.217,231.409,217.880,153.286,75.844,84.448
debug442SJU,prosody,study,exp0,04,20,2020,trial,06,李,李,2,0.220,0,0.220,0.6525,179.979,198.27,0.118,125.84,0,162.713,187.281,190.749,179.174,77.992,85.278
debug442SJU,prosody,study,exp0,04,20,2020,trial,06,娜,娜,2,0.240,0,0.240,0.8725,212.070,231.48,0.137,183.51,0,195.492,221.773,227.192,203.823,82.113,84.648
debug442SJU,prosody,study,exp0,04,20,2020,trial,06,踢,踢,2,0.150,0,0.150,1.1125,211.300,227.07,0.111,205.74,0.139,208.469,--undefined--,226.826,211.311,72.219,80.092
debug442SJU,prosody,study,exp0,04,20,2020,trial,06,了,了,2,0.100,0,0.100,1.2625,203.220,213.23,0.009,183.22,0.100,212.316,210.153,200.405,190.005,79.027,82.826
debug442SJU,prosody,study,exp0,04,20,2020,trial,06,王,王,3,0.200,0,0.200,1.3625,181.842,191.06,0.200,173.71,0.076,181.215,175.477,181.717,188.958,77.416,81.884
debug442SJU,prosody,study,exp0,04,20,2020,trial,06,刚,刚,3,0.310,0,0.310,1.5625,225.880,247.85,0.227,189.65,0.014,207.809,225.099,233.939,237.265,75.622,81.146
debug442SJU,prosody,study,exp0,04,20,2020,trial,06,sp,sp,0,0.120,0,0.120,1.8725,--undefined--,--undefined--,--undefined--,--undefined--,--undefined--,--undefined--,--undefined--,--undefined--,--undefined--,48.199,53.499
debug442SJU,prosody,study,exp0,04,20,2020,trial,07,sp,sp,1,0.420,0,0.420,0.0125,--undefined--,--undefined--,--undefined--,--undefined--,--undefined--,--undefined--,--undefined--,--undefined--,--undefined--,39.220,48.859
debug442SJU,prosody,study,exp0,04,20,2020,trial,07,对,对,4,0.330,0,0.330,0.4325,183.918,220.81,0.089,81.71,0.288,219.739,214.846,189.031,99.245,76.499,88.122
debug442SJU,prosody,study,exp0,04,20,2020,trial,07,李,李,2,0.160,0,0.160,0.7625,175.182,196.08,0.029,157.19,0.145,190.972,183.185,164.003,162.570,77.853,82.264
debug442SJU,prosody,study,exp0,04,20,2020,trial,07,娜,娜,2,0.210,0,0.210,0.9225,212.679,236.36,0.101,169.56,0,194.452,230.384,225.002,200.877,83.049,86.468
debug442SJU,prosody,study,exp0,04,20,2020,trial,07,踢,踢,2,0.140,0,0.140,1.1325,209.431,226.41,0.098,187.75,0.008,188.276,--undefined--,225.544,212.230,74.402,82.533
debug442SJU,prosody,study,exp0,04,20,2020,trial,07,了,了,2,0.110,0,0.110,1.2725,201.258,212.11,0.027,184.67,0.110,209.990,208.075,198.292,188.675,80.670,82.992
debug442SJU,prosody,study,exp0,04,20,2020,trial,07,王,王,3,0.170,0,0.170,1.3825,181.039,190.49,0.168,173.97,0.049,178.975,175.838,181.000,188.341,75.859,79.280
debug442SJU,prosody,study,exp0,04,20,2020,trial,07,刚,刚,2,0.110,0,0.110,1.5525,200.978,211.91,0.048,186.02,0.025,190.257,204.611,205.192,204.754,75.562,78.705
debug442SJU,prosody,study,exp0,04,20,2020,trial,08,sp,sp,1,0.280,0,0.280,0.0125,--undefined--,--undefined--,--undefined--,--undefined--,--undefined--,--undefined--,--undefined--,--undefined--,--undefined--,38.634,44.862
debug442SJU,prosody,study,exp0,04,20,2020,trial,08,对,对,4,0.220,0,0.220,0.2925,197.701,217.04,0.059,165.50,0.185,217.037,212.102,192.129,188.432,75.933,86.396
debug442SJU,prosody,study,exp0,04,20,2020,trial,08,李,李,2,0.200,0,0.200,0.5125,172.899,205.05,0,122.57,0.169,190.541,184.988,158.044,154.302,77.993,85.965
debug442SJU,prosody,study,exp0,04,20,2020,trial,08,娜,娜,2,0.190,0,0.190,0.7125,205.971,218.17,0.075,181.67,0,198.672,217.038,207.438,200.734,82.417,83.847
debug442SJU,prosody,study,exp0,04,20,2020,trial,08,踢,踢,2,0.160,0,0.160,0.9025,215.842,236.32,0.119,200.47,0,203.800,--undefined--,236.298,222.805,73.899,83.594
debug442SJU,prosody,study,exp0,04,20,2020,trial,08,了,了,2,0.110,0,0.110,1.0625,203.674,214.75,0.028,184.93,0.110,213.149,211.001,200.990,189.554,82.126,85.252
debug442SJU,prosody,study,exp0,04,20,2020,trial,08,王,王,3,0.200,0,0.200,1.1725,183.783,189.99,0.165,178.45,0.047,181.943,180.767,185.020,187.402,80.379,83.603
debug442SJU,prosody,study,exp0,04,20,2020,trial,08,刚,刚,2,0.150,0,0.150,1.3725,204.736,222.73,0.031,185.63,0,201.068,207.015,204.766,206.368,81.486,84.449
debug442SJU,prosody,study,exp0,04,20,2020,trial,09,sp,sp,1,0.460,0,0.460,0.0125,--undefined--,--undefined--,--undefined--,--undefined--,--undefined--,--undefined--,--undefined--,--undefined--,--undefined--,39.924,48.780
debug442SJU,prosody,study,exp0,04,20,2020,trial,09,不,不,2,0.180,0,0.180,0.4725,216.049,268.42,0.039,193.40,0.167,264.139,227.355,209.752,199.017,76.931,86.527
debug442SJU,prosody,study,exp0,04,20,2020,trial,09,张,张,3,0.270,0,0.270,0.6525,261.129,300.71,0.270,198.94,0.007,207.183,256.464,272.783,292.101,83.796,87.987
debug442SJU,prosody,study,exp0,04,20,2020,trial,09,悦,悦,2,0.150,0,0.150,0.9225,242.752,307.36,0.019,171.47,0.124,304.401,273.379,206.510,186.718,84.055,87.457
debug442SJU,prosody,study,exp0,04,20,2020,trial,09,亲,亲,3,0.180,0,0.180,1.0725,204.580,220.70,0.119,190.31,0.009,193.931,--undefined--,217.144,201.902,77.908,85.345
debug442SJU,prosody,study,exp0,04,20,2020,trial,09,了,了,2,0.080,0,0.080,1.2525,188.630,199.73,0,180.70,0.080,197.365,190.564,185.012,181.579,81.542,84.976
debug442SJU,prosody,study,exp0,04,20,2020,trial,09,王,王,3,0.100,0,0.100,1.3325,169.559,180.70,0,164.55,0.042,174.880,166.529,168.010,168.815,76.939,78.244
debug442SJU,prosody,study,exp0,04,20,2020,trial,09,平,平,2,0.090,0,0.090,1.4325,168.724,184.63,0.079,160.80,0.024,164.258,162.260,169.489,182.798,75.177,77.371
debug442SJU,prosody,study,exp0,04,20,2020,trial,10,sp,sp,1,0.540,0,0.540,0.0125,--undefined--,--undefined--,--undefined--,--undefined--,--undefined--,--undefined--,--undefined--,--undefined--,--undefined--,39.932,47.071
debug442SJU,prosody,study,exp0,04,20,2020,trial,10,不,不,2,0.220,0,0.220,0.5525,193.018,210.05,0.069,152.97,0.178,208.547,207.523,188.909,168.965,76.811,86.534
debug442SJU,prosody,study,exp0,04,20,2020,trial,10,张,张,3,0.240,0,0.240,0.7725,248.307,263.99,0.223,200.61,0,202.668,246.388,248.253,260.141,82.824,87.675
debug442SJU,prosody,study,exp0,04,20,2020,trial,10,悦,悦,2,0.150,0,0.150,1.0125,247.014,278.73,0.044,190.03,0.128,272.242,273.630,237.476,204.707,85.648,88.380
debug442SJU,prosody,study,exp0,04,20,2020,trial,10,亲,亲,3,0.200,0,0.200,1.1625,209.639,238.82,0,188.39,0.200,232.195,--undefined--,217.171,196.674,76.097,83.294
debug442SJU,prosody,study,exp0,04,20,2020,trial,10,了,了,2,0.070,0,0.070,1.3625,179.749,188.39,0,167.17,0.070,185.621,182.982,179.017,171.375,79.060,80.908
debug442SJU,prosody,study,exp0,04,20,2020,trial,10,王,王,3,0.220,0,0.220,1.4325,154.943,191.66,0.207,131.25,0.105,161.809,136.268,141.149,180.548,75.764,78.500
debug442SJU,prosody,study,exp0,04,20,2020,trial,10,平,平,2,0.150,0,0.150,1.6525,183.018,189.99,0,175.19,0.018,183.018,--undefined--,--undefined--,--undefined--,62.669,68.704
debug442SJU,prosody,study,exp0,04,20,2020,trial,11,sp,sp,1,0.450,0,0.450,0.0125,--undefined--,--undefined--,--undefined--,--undefined--,--undefined--,--undefined--,--undefined--,--undefined--,--undefined--,39.545,52.220
debug442SJU,prosody,study,exp0,04,20,2020,trial,11,不,不,2,0.250,0,0.250,0.4625,223.619,259.43,0.047,198.10,0.209,254.842,238.872,213.734,204.108,75.435,85.677
debug442SJU,prosody,study,exp0,04,20,2020,trial,11,张,张,3,0.250,0,0.250,0.7125,238.722,251.22,0.059,199.29,0.029,214.007,242.566,242.592,247.816,81.874,86.979
debug442SJU,prosody,study,exp0,04,20,2020,trial,11,悦,悦,2,0.170,0,0.170,0.9625,235.404,248.18,0.016,205.54,0.099,247.393,235.694,212.010,232.573,80.445,84.869
debug442SJU,prosody,study,exp0,04,20,2020,trial,11,亲,亲,3,0.250,0,0.250,1.1325,256.828,277.82,0.191,217.46,0.024,222.172,--undefined--,269.074,267.299,74.650,83.146
debug442SJU,prosody,study,exp0,04,20,2020,trial,11,了,了,2,0.070,0,0.070,1.3825,240.247,253.53,0,227.46,0.057,251.926,246.907,233.348,228.806,82.927,84.989
debug442SJU,prosody,study,exp0,04,20,2020,trial,11,王,王,3,0.230,0,0.230,1.4525,196.000,230.61,0,184.83,0.166,213.043,192.625,186.182,192.150,77.468,81.525
debug442SJU,prosody,study,exp0,04,20,2020,trial,11,平,平,2,0.350,0,0.350,1.6825,177.601,215.87,0.284,88.93,0.169,195.984,181.623,138.655,206.379,67.132,74.784
debug442SJU,prosody,study,exp0,04,20,2020,trial,12,sp,sp,1,0.560,0,0.560,0.0125,--undefined--,--undefined--,--undefined--,--undefined--,--undefined--,--undefined--,--undefined--,--undefined--,--undefined--,39.210,56.624
debug442SJU,prosody,study,exp0,04,20,2020,trial,12,不,不,2,0.240,0,0.240,0.5725,210.374,258.58,0.051,192.39,0.157,254.480,219.932,199.073,201.803,72.737,86.444
debug442SJU,prosody,study,exp0,04,20,2020,trial,12,张,张,3,0.250,0,0.250,0.8125,230.872,256.66,0.061,200.76,0.007,214.483,233.328,233.695,236.736,82.403,88.392
debug442SJU,prosody,study,exp0,04,20,2020,trial,12,悦,悦,2,0.150,0,0.150,1.0625,214.722,239.20,0.012,186.80,0.119,238.168,226.340,197.193,197.185,84.605,88.426
debug442SJU,prosody,study,exp0,04,20,2020,trial,12,亲,亲,3,0.230,0,0.230,1.2125,239.527,254.62,0.209,205.13,0.008,205.850,--undefined--,244.688,251.457,77.853,86.301
debug442SJU,prosody,study,exp0,04,20,2020,trial,12,了,了,2,0.060,0,0.060,1.4425,237.843,249.50,0,222.92,0.060,247.702,243.600,234.020,226.047,83.368,85.877
debug442SJU,prosody,study,exp0,04,20,2020,trial,12,王,王,3,0.230,0,0.230,1.5025,179.917,222.92,0,162.92,0.094,199.767,168.599,169.922,181.379,77.248,83.254
debug442SJU,prosody,study,exp0,04,20,2020,trial,12,平,平,2,0.260,0,0.260,1.7325,130.414,213.26,0.081,85.22,0.146,184.345,179.774,97.397,92.716,68.641,73.628
debug442SJU,prosody,study,exp0,04,20,2020,trial,13,sp,sp,1,0.460,0,0.460,0.0125,--undefined--,--undefined--,--undefined--,--undefined--,--undefined--,--undefined--,--undefined--,--undefined--,--undefined--,32.002,36.312
debug442SJU,prosody,study,exp0,04,20,2020,trial,13,不,不,2,0.170,0,0.170,0.4725,204.658,237.40,0.041,186.57,0.151,236.963,217.078,200.063,191.538,69.850,82.765
debug442SJU,prosody,study,exp0,04,20,2020,trial,13,张,张,3,0.210,0,0.210,0.6425,231.701,252.75,0.210,193.47,0,212.559,229.895,237.512,246.839,79.086,83.211
debug442SJU,prosody,study,exp0,04,20,2020,trial,13,悦,悦,2,0.100,0,0.100,0.8525,227.966,253.13,0,202.72,0.100,247.944,235.151,218.425,210.343,79.732,82.245
debug442SJU,prosody,study,exp0,04,20,2020,trial,13,亲,亲,3,0.170,0,0.170,0.9525,230.966,249.85,0.101,201.02,0.005,207.423,--undefined--,241.846,236.926,73.987,82.951
debug442SJU,prosody,study,exp0,04,20,2020,trial,13,了,了,2,0.060,0,0.060,1.1225,225.272,237.10,0,209.99,0.060,235.252,230.577,222.173,213.084,80.801,82.521
debug442SJU,prosody,study,exp0,04,20,2020,trial,13,王,王,3,0.130,0,0.130,1.1825,176.878,209.99,0,161.11,0.130,202.136,173.640,167.183,164.554,73.839,77.874
debug442SJU,prosody,study,exp0,04,20,2020,trial,13,平,平,3,0.110,0,0.110,1.3125,197.518,213.91,0.060,160.96,0.0008,174.242,203.119,209.148,203.563,72.085,74.563
debug442SJU,prosody,study,exp0,04,20,2020,trial,13,sp,sp,0,0.060,0,0.060,1.4225,203.814,210.17,0.010,195.15,0.035,209.560,205.171,196.944,197.244,61.961,67.611
debug442SJU,prosody,study,exp0,04,20,2020,trial,14,sp,sp,1,0.620,0,0.620,0.0125,--undefined--,--undefined--,--undefined--,--undefined--,--undefined--,--undefined--,--undefined--,--undefined--,--undefined--,35.808,51.136
debug442SJU,prosody,study,exp0,04,20,2020,trial,14,不,不,2,0.190,0,0.190,0.6325,218.280,281.36,0.012,193.70,0.172,249.066,226.394,206.000,196.459,81.380,86.715
debug442SJU,prosody,study,exp0,04,20,2020,trial,14,张,张,3,0.250,0,0.250,0.8225,245.139,262.46,0.062,198.56,0.032,210.139,249.657,252.194,257.368,82.911,87.740
debug442SJU,prosody,study,exp0,04,20,2020,trial,14,悦,悦,2,0.090,0,0.090,1.0725,232.215,257.16,0,211.84,0.066,253.839,238.762,216.352,219.907,84.873,87.211
debug442SJU,prosody,study,exp0,04,20,2020,trial,14,亲,亲,3,0.190,0,0.190,1.1625,232.521,239.70,0.133,213.31,0.018,221.567,--undefined--,238.784,237.838,79.328,87.322
debug442SJU,prosody,study,exp0,04,20,2020,trial,14,了,了,2,0.080,0,0.080,1.3525,219.094,236.23,0.001,198.11,0.074,235.243,226.292,212.880,201.963,84.637,87.293
debug442SJU,prosody,study,exp0,04,20,2020,trial,14,王,王,3,0.230,0,0.230,1.4325,183.602,218.10,0.180,158.70,0.054,176.768,162.028,187.826,207.787,79.654,83.020
debug442SJU,prosody,study,exp0,04,20,2020,trial,14,平,平,3,0.360,0,0.360,1.6625,194.640,233.55,0.332,163.91,0.160,202.111,168.150,188.296,220.002,71.742,79.806
debug442SJU,prosody,study,exp0,04,20,2020,trial,14,sp,sp,0,0.060,0,0.060,2.0225,223.499,234.50,0.022,211.47,0.002,216.839,231.551,--undefined--,--undefined--,56.340,60.230
debug442SJU,prosody,study,exp0,04,20,2020,trial,15,sp,sp,1,0.620,0,0.620,0.0125,--undefined--,--undefined--,--undefined--,--undefined--,--undefined--,--undefined--,--undefined--,--undefined--,--undefined--,36.949,44.542
debug442SJU,prosody,study,exp0,04,20,2020,trial,15,对,对,4,0.210,0,0.210,0.6325,205.735,234.42,0.060,188.69,0.164,--undefined--,224.614,201.399,192.158,75.128,87.426
debug442SJU,prosody,study,exp0,04,20,2020,trial,15,张,张,3,0.230,0,0.230,0.8425,239.256,257.65,0.169,197.02,0.020,211.277,233.220,248.622,254.175,83.751,87.130
debug442SJU,prosody,study,exp0,04,20,2020,trial,15,悦,悦,2,0.070,0,0.070,1.0725,223.038,247.97,0,209.69,0.051,240.819,225.606,212.455,213.270,84.790,86.081
debug442SJU,prosody,study,exp0,04,20,2020,trial,15,亲,亲,3,0.180,0,0.180,1.1425,220.815,229.21,0.141,209.48,0.014,214.973,--undefined--,217.546,228.277,76.902,83.520
debug442SJU,prosody,study,exp0,04,20,2020,trial,15,了,了,2,0.060,0,0.060,1.3225,217.250,227.18,0,203.93,0.060,225.999,220.307,214.338,208.355,80.849,82.643
debug442SJU,prosody,study,exp0,04,20,2020,trial,15,王,王,3,0.130,0,0.130,1.3825,181.530,203.93,0,171.92,0.070,197.516,176.132,173.854,178.617,76.528,81.746
debug442SJU,prosody,study,exp0,04,20,2020,trial,15,平,平,2,0.110,0,0.110,1.5125,195.564,204.35,0.061,179.11,0,183.750,197.608,202.866,200.913,78.631,80.460
debug442SJU,prosody,study,exp0,04,20,2020,trial,16,sp,sp,1,0.510,0,0.510,0.0125,--undefined--,--undefined--,--undefined--,--undefined--,--undefined--,--undefined--,--undefined--,--undefined--,--undefined--,35.228,40.645
debug442SJU,prosody,study,exp0,04,20,2020,trial,16,对,对,4,0.260,0,0.260,0.5225,243.454,346.14,0.211,208.12,0.191,256.903,241.152,218.514,273.525,74.587,86.453
debug442SJU,prosody,study,exp0,04,20,2020,trial,16,张,张,3,0.250,0,0.250,0.7825,254.656,268.02,0.071,232.23,0,238.120,259.565,255.429,256.233,82.827,88.271
debug442SJU,prosody,study,exp0,04,20,2020,trial,16,悦,悦,2,0.130,0,0.130,1.0325,236.336,254.62,0,215.54,0.130,253.606,246.545,223.519,221.676,84.890,88.610
debug442SJU,prosody,study,exp0,04,20,2020,trial,16,亲,亲,3,0.180,0,0.180,1.1625,242.502,249.99,0.126,214.42,0.0003,231.366,--undefined--,246.263,246.615,77.803,86.633
debug442SJU,prosody,study,exp0,04,20,2020,trial,16,了,了,2,0.060,0,0.060,1.3425,236.697,244.56,0,225.94,0.060,243.215,238.804,235.048,229.721,80.809,84.787
debug442SJU,prosody,study,exp0,04,20,2020,trial,16,王,王,3,0.280,0,0.280,1.4025,205.118,235.65,0.241,189.02,0.127,208.597,191.462,196.539,223.874,78.686,84.282
debug442SJU,prosody,study,exp0,04,20,2020,trial,16,平,平,2,0.170,0,0.170,1.6825,202.908,216.45,0.005,192.56,0.035,205.494,198.886,203.803,203.705,74.357,79.168
debug442SJU,prosody,study,exp0,04,20,2020,trial,17,sp,sp,1,0.540,0,0.540,0.0125,--undefined--,--undefined--,--undefined--,--undefined--,--undefined--,--undefined--,--undefined--,--undefined--,--undefined--,30.333,35.727
debug442SJU,prosody,study,exp0,04,20,2020,trial,17,不,不,2,0.260,0,0.260,0.5525,213.550,267.11,0.038,126.55,0.248,252.822,228.010,199.560,127.057,73.243,84.194
debug442SJU,prosody,study,exp0,04,20,2020,trial,17,王,王,3,0.230,0,0.230,0.8125,216.319,279.07,0.207,170.26,0.008,181.663,184.394,228.303,269.051,77.630,81.631
debug442SJU,prosody,study,exp0,04,20,2020,trial,17,杰,杰,3,0.170,0,0.170,1.0425,216.446,257.00,0,204.22,0.159,242.704,224.459,208.120,206.374,77.388,85.594
debug442SJU,prosody,study,exp0,04,20,2020,trial,17,推,推,4,0.230,0,0.230,1.2125,213.892,235.95,0.103,189.89,0.230,203.118,223.767,225.153,199.918,72.980,80.502
debug442SJU,prosody,study,exp0,04,20,2020,trial,17,了,了,2,0.070,0,0.070,1.4425,178.321,189.89,0,149.84,0.070,187.504,185.943,175.148,164.688,73.188,75.331
debug442SJU,prosody,study,exp0,04,20,2020,trial,17,李,李,2,0.090,0,0.090,1.5125,199.161,270.79,0.038,133.71,0.008,138.694,267.357,230.917,166.505,67.151,71.593
debug442SJU,prosody,study,exp0,04,20,2020,trial,17,丽,丽,1,0.200,0,0.200,1.6025,112.074,161.61,0,68.27,0.073,100.970,100.061,133.024,127.074,67.818,72.420
debug442SJU,prosody,study,exp0,04,20,2020,trial,18,sp,sp,1,0.300,0,0.300,0.0125,--undefined--,--undefined--,--undefined--,--undefined--,--undefined--,--undefined--,--undefined--,--undefined--,--undefined--,39.112,53.014
debug442SJU,prosody,study,exp0,04,20,2020,trial,18,不,不,2,0.350,0,0.350,0.3125,227.627,272.54,0.051,187.65,0.221,254.724,234.817,210.363,213.305,72.279,86.784
debug442SJU,prosody,study,exp0,04,20,2020,trial,18,sp,sp,1,0.080,0,0.080,0.6625,--undefined--,--undefined--,--undefined--,--undefined--,--undefined--,--undefined--,--undefined--,--undefined--,--undefined--,42.942,52.602
debug442SJU,prosody,study,exp0,04,20,2020,trial,18,王,王,3,0.220,0,0.220,0.7425,218.651,237.73,0.179,189.02,0.011,204.194,208.384,223.667,236.700,82.157,87.279
debug442SJU,prosody,study,exp0,04,20,2020,trial,18,杰,杰,3,0.200,0,0.200,0.9625,225.756,245.37,0.058,211.85,0.121,241.389,229.951,212.742,218.941,81.935,86.138
debug442SJU,prosody,study,exp0,04,20,2020,trial,18,推,推,4,0.120,0,0.120,1.1625,225.047,243.50,0.103,213.05,0.045,219.932,215.309,225.311,239.636,74.163,81.564
debug442SJU,prosody,study,exp0,04,20,2020,trial,18,了,了,2,0.090,0,0.090,1.2825,214.168,230.67,0,199.34,0.085,222.557,219.006,213.085,202.024,78.821,82.956
debug442SJU,prosody,study,exp0,04,20,2020,trial,18,李,李,2,0.180,0,0.180,1.3725,170.865,224.76,0.176,111.24,0.157,188.547,179.574,147.654,152.346,72.516,78.238
debug442SJU,prosody,study,exp0,04,20,2020,trial,18,丽,丽,2,0.180,0,0.180,1.5525,191.080,224.66,0.010,177.42,0.110,203.835,187.386,180.738,196.170,67.056,72.947
debug442SJU,prosody,study,exp0,04,20,2020,trial,18,sp,sp,0,0.120,0,0.120,1.7325,--undefined--,--undefined--,--undefined--,--undefined--,--undefined--,--undefined--,--undefined--,--undefined--,--undefined--,42.790,46.840
debug442SJU,prosody,study,exp0,04,20,2020,trial,19,sp,sp,1,0.670,0,0.670,0.0125,--undefined--,--undefined--,--undefined--,--undefined--,--undefined--,--undefined--,--undefined--,--undefined--,--undefined--,41.844,51.415
debug442SJU,prosody,study,exp0,04,20,2020,trial,19,不,不,2,0.270,0,0.270,0.6825,206.718,258.78,0.042,152.69,0.234,244.255,226.589,210.279,166.361,77.527,85.417
debug442SJU,prosody,study,exp0,04,20,2020,trial,19,王,王,3,0.200,0,0.200,0.9525,211.982,230.89,0.178,183.09,0,197.900,203.102,218.797,228.128,83.078,87.139
debug442SJU,prosody,study,exp0,04,20,2020,trial,19,杰,杰,3,0.160,0,0.160,1.1525,216.588,239.78,0.045,202.30,0.150,226.523,227.525,207.344,204.959,81.884,86.852
debug442SJU,prosody,study,exp0,04,20,2020,trial,19,推,推,4,0.120,0,0.120,1.3125,204.553,209.26,0.013,197.34,0.062,208.513,202.291,197.339,--undefined--,70.205,76.886
debug442SJU,prosody,study,exp0,04,20,2020,trial,19,sp,sp,1,0.020,0,0.020,1.4325,254.301,254.30,0.020,254.30,0.020,--undefined--,--undefined--,--undefined--,254.301,66.692,67.820
debug442SJU,prosody,study,exp0,04,20,2020,trial,19,了,了,2,0.180,0,0.180,1.4525,248.096,269.50,0.040,206.01,0.180,261.642,261.107,251.709,217.927,82.344,86.126
debug442SJU,prosody,study,exp0,04,20,2020,trial,19,李,李,2,0.190,0,0.190,1.6325,136.406,206.01,0,75.70,0.124,195.750,182.006,85.194,84.884,73.511,79.875
debug442SJU,prosody,study,exp0,04,20,2020,trial,19,丽,丽,2,0.230,0,0.230,1.8225,155.264,238.11,0.202,76.85,0.012,105.592,161.524,137.145,234.059,69.073,74.856
debug442SJU,prosody,study,exp0,04,20,2020,trial,19,sp,sp,0,0.170,0,0.170,2.0525,--undefined--,--undefined--,--undefined--,--undefined--,--undefined--,--undefined--,--undefined--,--undefined--,--undefined--,44.202,51.559
debug442SJU,prosody,study,exp0,04,20,2020,trial,20,sp,sp,1,0.550,0,0.550,0.0125,--undefined--,--undefined--,--undefined--,--undefined--,--undefined--,--undefined--,--undefined--,--undefined--,--undefined--,41.851,47.567
debug442SJU,prosody,study,exp0,04,20,2020,trial,20,不,不,2,0.250,0,0.250,0.5625,206.718,251.46,0.060,165.18,0.248,250.842,229.382,208.440,176.706,77.292,87.522
debug442SJU,prosody,study,exp0,04,20,2020,trial,20,王,王,3,0.200,0,0.200,0.8125,202.784,234.99,0.194,165.55,0,179.525,188.138,212.785,230.687,84.500,88.298
debug442SJU,prosody,study,exp0,04,20,2020,trial,20,杰,杰,3,0.160,0,0.160,1.0125,223.200,239.76,0.057,199.58,0.159,231.839,236.479,217.365,207.117,82.934,87.262
debug442SJU,prosody,study,exp0,04,20,2020,trial,20,推,推,4,0.270,0,0.270,1.1725,252.197,306.85,0.215,199.84,0,205.007,206.901,288.076,288.595,75.677,86.471
debug442SJU,prosody,study,exp0,04,20,2020,trial,20,了,了,2,0.080,0,0.080,1.4425,252.445,281.61,0.014,197.10,0.080,275.404,267.401,247.351,219.625,84.118,85.606
debug442SJU,prosody,study,exp0,04,20,2020,trial,20,李,李,2,0.160,0,0.160,1.5225,147.388,203.07,0.009,85.82,0.157,194.971,177.347,125.237,91.997,78.973,83.846
debug442SJU,prosody,study,exp0,04,20,2020,trial,20,丽,丽,1,0.210,0,0.210,1.6825,141.473,236.89,0.184,70.69,0.065,87.008,116.933,151.631,226.963,73.936,79.517
debug442SJU,prosody,study,exp0,04,20,2020,trial,21,sp,sp,1,0.460,0,0.460,0.0125,--undefined--,--undefined--,--undefined--,--undefined--,--undefined--,--undefined--,--undefined--,--undefined--,--undefined--,39.155,57.524
debug442SJU,prosody,study,exp0,04,20,2020,trial,21,不,不,2,0.260,0,0.260,0.4725,210.781,277.62,0.048,81.84,0.218,258.152,230.892,206.918,82.037,76.602,87.711
debug442SJU,prosody,study,exp0,04,20,2020,trial,21,王,王,3,0.190,0,0.190,0.7325,200.951,233.29,0.186,80.47,0.008,162.299,194.792,210.140,225.919,82.131,85.147
debug442SJU,prosody,study,exp0,04,20,2020,trial,21,杰,杰,3,0.170,0,0.170,0.9225,219.166,241.76,0.063,210.46,0.112,218.469,230.917,212.191,215.088,80.339,86.549
debug442SJU,prosody,study,exp0,04,20,2020,trial,21,推,推,4,0.120,0,0.120,1.0925,217.618,256.34,0.120,204.89,0.032,214.667,207.110,208.014,243.257,71.059,79.275
debug442SJU,prosody,study,exp0,04,20,2020,trial,21,了,了,2,0.080,0,0.080,1.2125,243.427,254.14,0,229.85,0.076,249.936,249.829,242.145,231.799,84.502,86.012
debug442SJU,prosody,study,exp0,04,20,2020,trial,21,李,李,2,0.190,0,0.190,1.2925,206.424,234.01,0.189,157.31,0.108,223.936,199.446,186.171,207.614,76.703,84.927
debug442SJU,prosody,study,exp0,04,20,2020,trial,21,sp,sp,1,0.040,0,0.040,1.4825,208.759,230.50,0,197.64,0.037,221.993,209.221,204.051,199.771,66.801,68.268
debug442SJU,prosody,study,exp0,04,20,2020,trial,21,丽,丽,2,0.270,0,0.270,1.5225,202.265,218.66,0.223,184.62,0.118,203.003,196.459,201.648,210.288,69.931,80.949
debug442SJU,prosody,study,exp0,04,20,2020,trial,21,sp,sp,0,0.010,0,0.010,1.7925,--undefined--,--undefined--,--undefined--,--undefined--,--undefined--,--undefined--,--undefined--,--undefined--,--undefined--,--undefined--,--undefined--
debug442SJU,prosody,study,exp0,04,20,2020,trial,22,sp,sp,1,0.280,0,0.280,0.0125,--undefined--,--undefined--,--undefined--,--undefined--,--undefined--,--undefined--,--undefined--,--undefined--,--undefined--,34.361,40.823
debug442SJU,prosody,study,exp0,04,20,2020,trial,22,不,不,2,0.200,0,0.200,0.2925,213.162,251.89,0.048,184.42,0.200,251.502,230.425,210.725,193.041,76.302,86.574
debug442SJU,prosody,study,exp0,04,20,2020,trial,22,王,王,3,0.190,0,0.190,0.4925,210.540,243.43,0.164,182.15,0.007,187.281,194.368,220.994,239.515,84.406,88.068
debug442SJU,prosody,study,exp0,04,20,2020,trial,22,杰,杰,3,0.150,0,0.150,0.6825,247.526,259.63,0.059,232.06,0.007,237.982,251.810,249.480,250.833,85.081,87.338
debug442SJU,prosody,study,exp0,04,20,2020,trial,22,推,推,4,0.200,0,0.200,0.8325,248.324,259.31,0.149,237.66,0.073,247.387,244.091,251.431,248.570,78.863,87.407
debug442SJU,prosody,study,exp0,04,20,2020,trial,22,了,了,2,0.100,0,0.100,1.0325,221.535,242.77,0,197.36,0.100,240.986,226.916,215.494,202.745,82.843,86.263
debug442SJU,prosody,study,exp0,04,20,2020,trial,22,李,李,2,0.230,0,0.230,1.1325,159.876,198.37,0.005,96.92,0.198,189.860,179.593,150.803,99.339,77.940,85.969
debug442SJU,prosody,study,exp0,04,20,2020,trial,22,丽,丽,2,0.320,0,0.320,1.3625,213.531,233.63,0.238,125.71,0.018,174.486,222.989,211.104,228.482,74.228,85.884
debug442SJU,prosody,study,exp0,04,20,2020,trial,22,sp,sp,0,0.120,0,0.120,1.6825,234.819,240.91,0.050,228.84,0.035,234.570,234.956,235.908,--undefined--,53.564,60.950
debug442SJU,prosody,study,exp0,04,20,2020,trial,23,sp,sp,1,0.500,0,0.500,0.0125,--undefined--,--undefined--,--undefined--,--undefined--,--undefined--,--undefined--,--undefined--,--undefined--,--undefined--,34.965,56.055
debug442SJU,prosody,study,exp0,04,20,2020,trial,23,对,对,4,0.180,0,0.180,0.5125,207.252,237.72,0.028,167.41,0.180,234.366,223.940,202.848,181.978,82.690,87.336
debug442SJU,prosody,study,exp0,04,20,2020,trial,23,王,王,3,0.240,0,0.240,0.6925,203.709,239.60,0.238,162.62,0.006,179.635,187.452,212.918,234.831,82.500,88.027
debug442SJU,prosody,study,exp0,04,20,2020,trial,23,杰,杰,3,0.140,0,0.140,0.9325,236.129,254.02,0.060,226.86,0.104,238.195,243.430,231.964,230.928,80.943,85.697
debug442SJU,prosody,study,exp0,04,20,2020,trial,23,推,推,4,0.120,0,0.120,1.0725,232.482,238.41,0.058,227.39,0.044,233.050,230.918,238.407,233.054,67.384,75.003
debug442SJU,prosody,study,exp0,04,20,2020,trial,23,了,了,2,0.100,0,0.100,1.1925,226.703,243.81,0.014,200.27,0.100,241.287,234.653,220.334,210.539,80.003,84.092
debug442SJU,prosody,study,exp0,04,20,2020,trial,23,李,李,2,0.160,0,0.160,1.2925,152.964,200.27,0,76.09,0.128,193.216,168.357,--undefined--,94.850,74.579,80.597
debug442SJU,prosody,study,exp0,04,20,2020,trial,23,丽,丽,1,0.210,0,0.210,1.4525,201.001,258.36,0.198,97.07,0,190.260,178.981,215.262,257.413,69.441,73.055
debug442SJU,prosody,study,exp0,04,20,2020,trial,24,sp,sp,1,0.460,0,0.460,0.0125,--undefined--,--undefined--,--undefined--,--undefined--,--undefined--,--undefined--,--undefined--,--undefined--,--undefined--,38.226,48.785
debug442SJU,prosody,study,exp0,04,20,2020,trial,24,对,对,4,0.210,0,0.210,0.4725,194.761,213.06,0.091,168.87,0.183,--undefined--,210.947,199.183,174.888,75.713,86.602
debug442SJU,prosody,study,exp0,04,20,2020,trial,24,王,王,3,0.220,0,0.220,0.6825,220.145,259.49,0.177,178.20,0,187.827,200.880,236.664,255.210,84.200,87.891
debug442SJU,prosody,study,exp0,04,20,2020,trial,24,杰,杰,3,0.250,0,0.250,0.9025,222.966,266.13,0.047,202.64,0.235,252.708,213.029,214.590,211.538,81.126,87.039
debug442SJU,prosody,study,exp0,04,20,2020,trial,24,推,推,4,0.150,0,0.150,1.1525,225.736,240.96,0.060,202.84,0.150,228.466,237.717,223.659,213.104,83.075,86.549
debug442SJU,prosody,study,exp0,04,20,2020,trial,24,了,了,2,0.060,0,0.060,1.3025,186.704,205.23,0.006,161.27,0.060,203.308,190.997,180.598,171.915,80.029,82.921
debug442SJU,prosody,study,exp0,04,20,2020,trial,24,李,李,2,0.100,0,0.100,1.3625,177.436,241.92,0.092,123.35,0.023,137.990,126.197,206.026,234.603,72.719,77.007
debug442SJU,prosody,study,exp0,04,20,2020,trial,24,丽,丽,2,0.280,0,0.280,1.4625,212.794,250.35,0.186,190.84,0.130,209.777,200.263,234.085,213.700,75.116,82.504
debug442SJU,prosody,study,exp0,04,20,2020,trial,24,sp,sp,0,0.010,0,0.010,1.7425,200.198,200.20,0,200.20,0,200.198,200.198,--undefined--,--undefined--,--undefined--,--undefined--
debug442SJU,prosody,study,exp0,04,20,2020,trial,25,sp,sp,1,0.420,0,0.420,0.0125,--undefined--,--undefined--,--undefined--,--undefined--,--undefined--,--undefined--,--undefined--,--undefined--,--undefined--,37.283,48.864
debug442SJU,prosody,study,exp0,04,20,2020,trial,25,不,不,2,0.210,0,0.210,0.4325,199.712,228.31,0.058,171.40,0.188,--undefined--,218.129,202.923,178.292,74.779,85.914
debug442SJU,prosody,study,exp0,04,20,2020,trial,25,刘,刘,4,0.250,0,0.250,0.6425,202.762,244.84,0.231,172.78,0.036,179.994,187.668,208.131,235.254,82.427,87.292
debug442SJU,prosody,study,exp0,04,20,2020,trial,25,芳,芳,3,0.250,0,0.250,0.8925,281.831,317.26,0.103,228.18,0.020,235.399,279.339,304.810,307.776,82.650,87.695
debug442SJU,prosody,study,exp0,04,20,2020,trial,25,拉,拉,2,0.140,0,0.140,1.1425,288.276,312.41,0.016,259.25,0.140,310.609,295.656,278.975,267.863,85.030,86.418
debug442SJU,prosody,study,exp0,04,20,2020,trial,25,了,了,2,0.100,0,0.100,1.2825,223.283,259.25,0,201.62,0.100,249.706,224.375,213.949,205.103,83.952,85.561
debug442SJU,prosody,study,exp0,04,20,2020,trial,25,刘,刘,4,0.210,0,0.210,1.3825,184.975,201.62,0,178.17,0.110,194.560,183.016,180.064,182.260,81.063,84.310
debug442SJU,prosody,study,exp0,04,20,2020,trial,25,敏,敏,2,0.210,0,0.210,1.5925,127.304,182.40,0,77.73,0.191,174.447,126.603,92.640,78.491,70.945,79.258
debug442SJU,prosody,study,exp0,04,20,2020,trial,26,sp,sp,1,0.530,0,0.530,0.0125,--undefined--,--undefined--,--undefined--,--undefined--,--undefined--,--undefined--,--undefined--,--undefined--,--undefined--,38.381,54.594
debug442SJU,prosody,study,exp0,04,20,2020,trial,26,不,不,2,0.230,0,0.230,0.5425,203.173,257.27,0.048,155.54,0.220,252.461,223.965,204.233,169.025,75.236,83.875
debug442SJU,prosody,study,exp0,04,20,2020,trial,26,刘,刘,4,0.240,0,0.240,0.7725,197.046,212.90,0.188,158.30,0,176.194,200.541,204.004,207.446,81.313,86.495
debug442SJU,prosody,study,exp0,04,20,2020,trial,26,芳,芳,3,0.210,0,0.210,1.0125,243.613,261.86,0.070,204.39,0,207.918,247.065,244.992,254.079,79.383,87.572
debug442SJU,prosody,study,exp0,04,20,2020,trial,26,拉,拉,2,0.100,0,0.100,1.2225,242.420,252.14,0,231.07,0.100,251.503,247.123,237.209,233.846,83.834,87.039
debug442SJU,prosody,study,exp0,04,20,2020,trial,26,了,了,2,0.230,0,0.230,1.3225,203.396,231.07,0,165.58,0.198,221.494,208.015,194.809,176.892,79.871,83.229
debug442SJU,prosody,study,exp0,04,20,2020,trial,26,刘,刘,4,0.500,0,0.500,1.5525,190.363,235.07,0.053,172.58,0.427,209.084,198.640,187.113,180.691,71.896,85.720
debug442SJU,prosody,study,exp0,04,20,2020,trial,26,敏,敏,3,0.200,0,0.200,2.0525,176.352,246.52,0.171,76.16,0.128,185.822,154.606,119.484,234.122,72.012,79.924
debug442SJU,prosody,study,exp0,04,20,2020,trial,26,sp,sp,0,0.200,0,0.200,2.2525,143.354,244.40,0.008,80.56,0.038,143.354,--undefined--,--undefined--,--undefined--,43.708,56.756
debug442SJU,prosody,study,exp0,04,20,2020,trial,27,sp,sp,1,0.770,0,0.770,0.0125,--undefined--,--undefined--,--undefined--,--undefined--,--undefined--,--undefined--,--undefined--,--undefined--,--undefined--,38.709,52.276
debug442SJU,prosody,study,exp0,04,20,2020,trial,27,不,不,2,0.220,0,0.220,0.7825,209.111,256.91,0.042,186.13,0.220,250.048,227.235,199.863,187.139,79.962,86.545
debug442SJU,prosody,study,exp0,04,20,2020,trial,27,刘,刘,4,0.190,0,0.190,1.0025,190.078,198.92,0.190,171.30,0.024,179.037,189.521,196.575,195.181,81.293,87.280
debug442SJU,prosody,study,exp0,04,20,2020,trial,27,芳,芳,3,0.170,0,0.170,1.1925,224.598,240.03,0.036,198.92,0,215.863,229.188,224.426,228.915,82.256,86.841
debug442SJU,prosody,study,exp0,04,20,2020,trial,27,拉,拉,2,0.150,0,0.150,1.3625,242.727,251.10,0.129,232.64,0,236.666,240.134,243.957,250.153,84.436,86.528
debug442SJU,prosody,study,exp0,04,20,2020,trial,27,了,了,2,0.110,0,0.110,1.5125,225.866,249.03,0,199.57,0.110,247.184,234.615,217.732,203.935,82.791,84.273
debug442SJU,prosody,study,exp0,04,20,2020,trial,27,刘,刘,4,0.200,0,0.200,1.6225,184.544,200.20,0.008,177.49,0.094,193.436,181.099,180.803,182.840,81.144,84.655
debug442SJU,prosody,study,exp0,04,20,2020,trial,27,敏,敏,3,0.240,0,0.240,1.8225,200.394,266.44,0.162,114.92,0.097,173.577,156.646,259.010,241.584,66.209,78.836
debug442SJU,prosody,study,exp0,04,20,2020,trial,27,sp,sp,0,0.020,0,0.020,2.0625,--undefined--,--undefined--,--undefined--,--undefined--,--undefined--,--undefined--,--undefined--,--undefined--,--undefined--,--undefined--,--undefined--
debug442SJU,prosody,study,exp0,04,20,2020,trial,28,sp,sp,1,0.560,0,0.560,0.0125,--undefined--,--undefined--,--undefined--,--undefined--,--undefined--,--undefined--,--undefined--,--undefined--,--undefined--,36.805,50.272
debug442SJU,prosody,study,exp0,04,20,2020,trial,28,不,不,2,0.240,0,0.240,0.5725,198.861,222.73,0.078,181.91,0.200,--undefined--,215.528,198.772,185.824,75.676,86.947
debug442SJU,prosody,study,exp0,04,20,2020,trial,28,刘,刘,4,0.240,0,0.240,0.8125,199.101,209.01,0.167,178.24,0.022,187.448,198.854,206.138,203.966,83.465,87.169
debug442SJU,prosody,study,exp0,04,20,2020,trial,28,芳,芳,3,0.170,0,0.170,1.0525,238.474,261.06,0.032,204.80,0,230.353,243.224,237.423,242.896,84.119,86.654
debug442SJU,prosody,study,exp0,04,20,2020,trial,28,拉,拉,2,0.130,0,0.130,1.2225,255.610,257.33,0.096,248.77,0,254.335,255.296,256.477,256.334,84.793,86.480
debug442SJU,prosody,study,exp0,04,20,2020,trial,28,了,了,2,0.110,0,0.110,1.3525,226.907,255.51,0,199.23,0.102,252.055,236.524,216.205,202.843,84.404,86.251
debug442SJU,prosody,study,exp0,04,20,2020,trial,28,刘,刘,4,0.180,0,0.180,1.4625,183.220,199.73,0,177.74,0.117,189.211,182.665,178.170,182.833,81.703,85.270
debug442SJU,prosody,study,exp0,04,20,2020,trial,28,敏,敏,3,0.280,0,0.280,1.6425,201.163,251.20,0.190,129.47,0.138,187.745,159.893,231.276,238.174,74.165,84.535
debug442SJU,prosody,study,exp0,04,20,2020,trial,28,sp,sp,0,0.020,0,0.020,1.9225,--undefined--,--undefined--,--undefined--,--undefined--,--undefined--,--undefined--,--undefined--,--undefined--,--undefined--,--undefined--,--undefined--
debug442SJU,prosody,study,exp0,04,20,2020,trial,29,sp,sp,1,0.370,0,0.370,0.0125,--undefined--,--undefined--,--undefined--,--undefined--,--undefined--,--undefined--,--undefined--,--undefined--,--undefined--,40.415,54.367
debug442SJU,prosody,study,exp0,04,20,2020,trial,29,不,不,2,0.310,0,0.310,0.3825,179.205,226.18,0.040,75.71,0.310,219.278,204.175,176.721,80.425,76.464,85.079
debug442SJU,prosody,study,exp0,04,20,2020,trial,29,刘,刘,4,0.250,0,0.250,0.6925,186.524,217.04,0.198,75.79,0,114.914,200.672,207.145,211.908,79.909,86.568
debug442SJU,prosody,study,exp0,04,20,2020,trial,29,芳,芳,3,0.160,0,0.160,0.9425,264.223,280.71,0.160,212.13,0,240.325,270.465,269.201,276.901,81.765,86.274
debug442SJU,prosody,study,exp0,04,20,2020,trial,29,拉,拉,2,0.130,0,0.130,1.1025,270.072,280.60,0,264.54,0.107,279.100,270.457,265.781,264.953,84.255,86.195
debug442SJU,prosody,study,exp0,04,20,2020,trial,29,了,了,2,0.080,0,0.080,1.2325,248.120,264.67,0,227.64,0.080,262.738,255.502,243.461,230.778,84.606,85.335
debug442SJU,prosody,study,exp0,04,20,2020,trial,29,刘,刘,4,0.250,0,0.250,1.3125,214.822,247.25,0.222,189.38,0.100,213.156,192.195,211.489,242.446,84.683,86.612
debug442SJU,prosody,study,exp0,04,20,2020,trial,29,敏,敏,2,0.190,0,0.190,1.5625,221.689,243.26,0.151,201.61,0.120,225.591,208.590,212.040,233.948,76.651,85.289
debug442SJU,prosody,study,exp0,04,20,2020,trial,30,sp,sp,1,0.390,0,0.390,0.0125,240.883,240.88,0.390,240.79,0.390,--undefined--,--undefined--,--undefined--,240.883,40.492,72.340
debug442SJU,prosody,study,exp0,04,20,2020,trial,30,不,不,2,0.150,0,0.150,0.4025,205.096,240.79,0,187.22,0.150,227.422,208.247,196.534,188.182,84.000,85.726
debug442SJU,prosody,study,exp0,04,20,2020,trial,30,刘,刘,4,0.190,0,0.190,0.5525,196.625,209.48,0.143,182.43,0.017,187.016,194.032,201.783,203.667,83.624,87.189
debug442SJU,prosody,study,exp0,04,20,2020,trial,30,芳,芳,3,0.140,0,0.140,0.7425,240.538,269.86,0.044,202.80,0,206.217,255.034,251.855,249.045,81.872,85.551
debug442SJU,prosody,study,exp0,04,20,2020,trial,30,拉,拉,2,0.110,0,0.110,0.8825,247.129,249.91,0.005,244.26,0.110,249.347,247.087,246.782,245.301,81.615,84.709
debug442SJU,prosody,study,exp0,04,20,2020,trial,30,了,了,2,0.120,0,0.120,0.9925,230.305,245.12,0.027,197.86,0.120,244.299,239.916,226.408,210.596,81.587,84.259
debug442SJU,prosody,study,exp0,04,20,2020,trial,30,刘,刘,4,0.170,0,0.170,1.1125,194.768,235.02,0.170,179.97,0.088,192.276,183.924,185.466,217.405,83.354,85.583
debug442SJU,prosody,study,exp0,04,20,2020,trial,30,敏,敏,3,0.340,0,0.340,1.2825,227.901,257.88,0.299,192.11,0.099,227.122,213.296,231.900,243.467,72.487,86.416
debug442SJU,prosody,study,exp0,04,20,2020,trial,30,sp,sp,0,0.130,0,0.130,1.6225,--undefined--,--undefined--,--undefined--,--undefined--,--undefined--,--undefined--,--undefined--,--undefined--,--undefined--,40.030,53.599
debug442SJU,prosody,study,exp0,04,20,2020,trial,31,sp,sp,1,0.930,0,0.930,0.0125,--undefined--,--undefined--,--undefined--,--undefined--,--undefined--,--undefined--,--undefined--,--undefined--,--undefined--,36.747,51.898
debug442SJU,prosody,study,exp0,04,20,2020,trial,31,对,对,4,0.220,0,0.220,0.9425,221.495,268.02,0.042,187.63,0.190,266.829,240.236,213.822,195.641,76.492,86.790
debug442SJU,prosody,study,exp0,04,20,2020,trial,31,刘,刘,4,0.200,0,0.200,1.1625,202.220,206.86,0.130,197.48,0.0008,200.286,200.277,204.978,203.340,81.940,86.643
debug442SJU,prosody,study,exp0,04,20,2020,trial,31,芳,芳,3,0.170,0,0.170,1.3625,247.611,259.12,0.156,197.16,0.007,225.256,252.110,254.702,258.375,82.366,86.210
debug442SJU,prosody,study,exp0,04,20,2020,trial,31,拉,拉,2,0.110,0,0.110,1.5325,254.645,258.11,0,252.32,0.110,256.723,254.206,254.532,253.118,84.607,85.403
debug442SJU,prosody,study,exp0,04,20,2020,trial,31,了,了,2,0.100,0,0.100,1.6425,224.946,252.32,0,199.55,0.100,249.051,232.427,214.396,203.910,83.085,84.626
debug442SJU,prosody,study,exp0,04,20,2020,trial,31,刘,刘,4,0.240,0,0.240,1.7425,190.231,208.83,0.211,176.94,0.089,190.007,179.681,185.316,205.922,79.934,83.805
debug442SJU,prosody,study,exp0,04,20,2020,trial,31,敏,敏,2,0.240,0,0.240,1.9825,225.362,249.42,0.127,183.88,0.042,195.612,227.041,238.819,237.494,70.192,81.478
debug442SJU,prosody,study,exp0,04,20,2020,trial,32,sp,sp,1,0.520,0,0.520,0.0125,--undefined--,--undefined--,--undefined--,--undefined--,--undefined--,--undefined--,--undefined--,--undefined--,--undefined--,37.179,41.757
debug442SJU,prosody,study,exp0,04,20,2020,trial,32,对,对,4,0.260,0,0.260,0.5325,186.056,221.97,0.058,134.48,0.215,221.911,218.283,186.653,146.665,77.046,87.602
debug442SJU,prosody,study,exp0,04,20,2020,trial,32,刘,刘,4,0.160,0,0.160,0.7925,198.757,211.77,0.133,159.14,0,177.233,199.816,208.356,209.622,83.545,87.138
debug442SJU,prosody,study,exp0,04,20,2020,trial,32,芳,芳,3,0.210,0,0.210,0.9525,241.326,267.11,0.102,202.01,0.015,206.097,230.495,266.092,262.620,79.164,86.151
debug442SJU,prosody,study,exp0,04,20,2020,trial,32,拉,拉,2,0.110,0,0.110,1.1625,254.871,260.62,0,250.95,0.110,259.027,255.132,253.020,252.306,85.405,86.081
debug442SJU,prosody,study,exp0,04,20,2020,trial,32,了,了,2,0.110,0,0.110,1.2725,228.398,250.95,0,210.21,0.110,247.586,230.631,221.315,214.059,83.652,85.165
debug442SJU,prosody,study,exp0,04,20,2020,trial,32,刘,刘,4,0.200,0,0.200,1.3825,196.388,229.68,0.200,182.06,0.105,200.566,185.491,186.917,212.580,81.733,83.872
debug442SJU,prosody,study,exp0,04,20,2020,trial,32,敏,敏,2,0.220,0,0.220,1.5825,205.366,238.35,0.198,139.31,0.128,221.579,194.341,175.684,225.149,76.155,84.178
